USE [Aban360]
GO
INSERT [CalculationPool].[CompanyServiceType] ([Title], [Id],[TariffCalculationModeId]) VALUES (N'فروش', 1,1)
GO
INSERT [CalculationPool].[CompanyServiceType] ([Title], [Id],[TariffCalculationModeId]) VALUES (N'پس از فروش', 2,1)
GO
INSERT [CalculationPool].[CompanyServiceType] ([Title], [Id],[TariffCalculationModeId]) VALUES (N'آب بها', 3,1)
GO
INSERT [CalculationPool].[CompanyService] ([Id], [CompanyServiceTypeId], [Title],[IsMultiSelect]) VALUES (1, 1, N'انشعاب آب',0)
GO
INSERT [CalculationPool].[CompanyService] ([Id], [CompanyServiceTypeId], [Title],[IsMultiSelect]) VALUES (2, 1, N'انشعاب فاضلاب',0)
GO
INSERT [CalculationPool].[CompanyService] ([Id], [CompanyServiceTypeId], [Title],[IsMultiSelect]) VALUES (3, 2, N'انشعاب فاضلاب',0)
GO
INSERT [CalculationPool].[CompanyService] ([Id], [CompanyServiceTypeId], [Title],[IsMultiSelect]) VALUES (4, 2, N'تفکیک کنتور',0)
GO
INSERT [CalculationPool].[CompanyService] ([Id], [CompanyServiceTypeId], [Title],[IsMultiSelect]) VALUES (5, 2, N'تغییر مشخصات',0)
GO
INSERT [CalculationPool].[CompanyService] ([Id], [CompanyServiceTypeId], [Title],[IsMultiSelect]) VALUES (6, 2, N'تغییر واحد ',0)
GO
INSERT [CalculationPool].[CompanyService] ([Id], [CompanyServiceTypeId], [Title],[IsMultiSelect]) VALUES (7, 2, N'تغییر کاربری',0)
GO
INSERT [CalculationPool].[CompanyService] ([Id], [CompanyServiceTypeId], [Title],[IsMultiSelect]) VALUES (8, 2, N'تغییر قطر انشعاب',0)
GO
INSERT [CalculationPool].[CompanyService] ([Id], [CompanyServiceTypeId], [Title],[IsMultiSelect]) VALUES (9, 2, N'نصب سیفون اضافی',0)
GO
INSERT [CalculationPool].[CompanyService] ([Id], [CompanyServiceTypeId], [Title],[IsMultiSelect]) VALUES (10, 2, N'جابجایی کنتور',0)
GO
INSERT [CalculationPool].[CompanyService] ([Id], [CompanyServiceTypeId], [Title],[IsMultiSelect]) VALUES (11, 2, N'برچیدن انشعاب',0)
GO
INSERT [CalculationPool].[CompanyService] ([Id], [CompanyServiceTypeId], [Title],[IsMultiSelect]) VALUES (12, 2, N'تجمیع و ادغام املاک',0)
GO
INSERT [CalculationPool].[CompanyService] ([Id], [CompanyServiceTypeId], [Title],[IsMultiSelect]) VALUES (13, 2, N'فروش آب تانکری',0)
GO
INSERT [CalculationPool].[CompanyService] ([Id], [CompanyServiceTypeId], [Title],[IsMultiSelect]) VALUES (14, 2, N'"پیشنهادات،انتقادات،شکایات"',0)
GO
INSERT [CalculationPool].[CompanyService] ([Id], [CompanyServiceTypeId], [Title],[IsMultiSelect]) VALUES (15, 2, N'امکان پرداخت صورتحساب',0)
GO
INSERT [CalculationPool].[CompanyService] ([Id], [CompanyServiceTypeId], [Title],[IsMultiSelect]) VALUES (16, 2, N'مشاهده سوابق',0)
GO
INSERT [CalculationPool].[CompanyService] ([Id], [CompanyServiceTypeId], [Title],[IsMultiSelect]) VALUES (17, 2, N'تسویه حساب',0)
GO
INSERT [CalculationPool].[CompanyService] ([Id], [CompanyServiceTypeId], [Title],[IsMultiSelect]) VALUES (18, 2, N'بررسی صورتحساب',0)
GO
INSERT [CalculationPool].[CompanyService] ([Id], [CompanyServiceTypeId], [Title],[IsMultiSelect]) VALUES (19, 2, N'صورتحساب میاندوره',0)
GO
INSERT [CalculationPool].[CompanyService] ([Id], [CompanyServiceTypeId], [Title],[IsMultiSelect]) VALUES (20, 2, N'قطع موقت و وصل انشعاب',0)
GO
INSERT [CalculationPool].[CompanyService] ([Id], [CompanyServiceTypeId], [Title],[IsMultiSelect]) VALUES (21, 2, N'آزمایش کنتور',0)
GO
INSERT [CalculationPool].[CompanyService] ([Id], [CompanyServiceTypeId], [Title],[IsMultiSelect]) VALUES (22, 2, N'واگذاری انشعاب آب و فاضلاب',0)
GO
INSERT [CalculationPool].[CompanyService] ([Id], [CompanyServiceTypeId], [Title],[IsMultiSelect]) VALUES (23, 2, N'خدمات پس از فروش',0)
GO
INSERT [CalculationPool].[CompanyService] ([Id], [CompanyServiceTypeId], [Title],[IsMultiSelect]) VALUES (24, 2, N'تغییر قطر سیفون',0)
GO
INSERT [CalculationPool].[CompanyService] ([Id], [CompanyServiceTypeId], [Title],[IsMultiSelect]) VALUES (25, 2, N'تعویض سیفون',0)
GO
INSERT [CalculationPool].[CompanyService] ([Id], [CompanyServiceTypeId], [Title],[IsMultiSelect]) VALUES (26, 2, N'استعلام محضر',0)
GO
INSERT [CalculationPool].[CompanyService] ([Id], [CompanyServiceTypeId], [Title],[IsMultiSelect]) VALUES (27, 2, N'قطع و وصل انشعاب',0)
GO
INSERT [CalculationPool].[CompanyService] ([Id], [CompanyServiceTypeId], [Title],[IsMultiSelect]) VALUES (28, 2, N'جابجایی سیفون',0)
GO
INSERT [CalculationPool].[CompanyService] ([Id], [CompanyServiceTypeId], [Title],[IsMultiSelect]) VALUES (29, 2, N'نظام مهندسی',0)
GO
INSERT [CalculationPool].[CompanyService] ([Id], [CompanyServiceTypeId], [Title],[IsMultiSelect]) VALUES (30, 2, N'تعویض کنتور',0)
GO
INSERT [CalculationPool].[CompanyService] ([Id], [CompanyServiceTypeId], [Title],[IsMultiSelect]) VALUES (31, 2, N'تغییر ظرفیت قراردادی',0)
GO
INSERT [CalculationPool].[CompanyService] ([Id], [CompanyServiceTypeId], [Title],[IsMultiSelect]) VALUES (39, 1, N'نظام مهندسی',0)
GO
INSERT [CalculationPool].[CompanyService] ([Id], [CompanyServiceTypeId], [Title],[IsMultiSelect]) VALUES (40, 1, N'لوله گذاری اصلی',0)
GO
INSERT [CalculationPool].[CompanyService] ([Id], [CompanyServiceTypeId], [Title],[IsMultiSelect]) VALUES (41, 1, N'کنتور مجزا',0)
GO
INSERT [CalculationPool].[CompanyService] ([Id], [CompanyServiceTypeId], [Title],[IsMultiSelect]) VALUES (42, 2, N'خانوار شماری',0)
GO
INSERT [CalculationPool].[CompanyService] ([Id], [CompanyServiceTypeId], [Title],[IsMultiSelect]) VALUES (43, 1, N'آماده سازی آب',0)
GO
INSERT [CalculationPool].[CompanyService] ([Id], [CompanyServiceTypeId], [Title],[IsMultiSelect]) VALUES (44, 1, N'آماده سازی فاضلاب',0)
GO
INSERT [CalculationPool].[CompanyService] ([Id], [CompanyServiceTypeId], [Title],[IsMultiSelect]) VALUES (45, 2, N'آماده سازی آب',0)
GO
INSERT [CalculationPool].[CompanyService] ([Id], [CompanyServiceTypeId], [Title],[IsMultiSelect]) VALUES (46, 2, N'آماده سازی فاضلاب',0)
GO
INSERT [CalculationPool].[CompanyService] ([Id], [CompanyServiceTypeId], [Title],[IsMultiSelect]) VALUES (47, 2, N'تغییر تعرفه',0)
GO
INSERT [CalculationPool].[CompanyService] ([Id], [CompanyServiceTypeId], [Title],[IsMultiSelect]) VALUES (60, 3, N'تعویض کنتور',0)
GO
INSERT [CalculationPool].[CompanyService] ([Id], [CompanyServiceTypeId], [Title],[IsMultiSelect]) VALUES (61, 3, N'برگشتی',0)
GO
INSERT [CalculationPool].[CompanyService] ([Id], [CompanyServiceTypeId], [Title],[IsMultiSelect]) VALUES (62, 3, N'آزمایش کنتور',0)
GO
INSERT [CalculationPool].[CompanyService] ([Id], [CompanyServiceTypeId], [Title],[IsMultiSelect]) VALUES (63, 3, N'بررسی صورتحساب',0)
GO
INSERT [CalculationPool].[CompanyService] ([Id], [CompanyServiceTypeId], [Title],[IsMultiSelect]) VALUES (64, 3, N'فروش آب تانکری',0)
GO
INSERT [CalculationPool].[CompanyService] ([Id], [CompanyServiceTypeId], [Title],[IsMultiSelect]) VALUES (65, 3, N'اعلام کنتور خراب',0)
GO
INSERT [CalculationPool].[CompanyService] ([Id], [CompanyServiceTypeId], [Title],[IsMultiSelect]) VALUES (66, 3, N'اشتباه قرائت',0)
GO
INSERT [CalculationPool].[CompanyService] ([Id], [CompanyServiceTypeId], [Title],[IsMultiSelect]) VALUES (67, 2, N'پیمایش',0)
GO
INSERT [CalculationPool].[CompanyService] ([Id], [CompanyServiceTypeId], [Title],[IsMultiSelect]) VALUES (68, 3, N'تسویه حساب',0)
GO
INSERT [CalculationPool].[CompanyService] ([Id], [CompanyServiceTypeId], [Title],[IsMultiSelect]) VALUES (69, 3, N'قطع و وصل ',0)
GO
INSERT [CalculationPool].[CompanyService] ([Id], [CompanyServiceTypeId], [Title],[IsMultiSelect]) VALUES (70, 3, N'حذف موقت',0)
GO
INSERT [CalculationPool].[CompanyService] ([Id], [CompanyServiceTypeId], [Title],[IsMultiSelect]) VALUES (71, 3, N'برگشتی',0)
GO
INSERT [CalculationPool].[CompanyService] ([Id], [CompanyServiceTypeId], [Title],[IsMultiSelect]) VALUES (72, 3, N'سایر',0)
GO
INSERT [CalculationPool].[CompanyService] ([Id], [CompanyServiceTypeId], [Title],[IsMultiSelect]) VALUES (73, 3, N'ارجاع به کلید ها',0)
GO
INSERT [CalculationPool].[CompanyService] ([Id], [CompanyServiceTypeId], [Title],[IsMultiSelect]) VALUES (74, 2, N'سایر خدمات',0)
GO
INSERT [CalculationPool].[CompanyService] ([Id], [CompanyServiceTypeId], [Title],[IsMultiSelect]) VALUES (75, 3, N'لوله ترکیدگی',0)
GO
INSERT [CalculationPool].[CompanyService] ([Id], [CompanyServiceTypeId], [Title],[IsMultiSelect]) VALUES (76, 3, N'بررسی اشتباه پرداخت',0)
GO
INSERT [CalculationPool].[CompanyService] ([Id], [CompanyServiceTypeId], [Title],[IsMultiSelect]) VALUES (77, 2, N'تغییر سطح کنتور',0)
GO
INSERT [CalculationPool].[CompanyService] ([Id], [CompanyServiceTypeId], [Title],[IsMultiSelect]) VALUES (78, 3, N'اعتراض به آحاد خالی',0)
GO
INSERT [CalculationPool].[OfferingGroup] ([Title]) VALUES (N'واگذاری انشعاب')
GO
INSERT [CalculationPool].[OfferingGroup] ([Title]) VALUES (N'آب بها')
GO
INSERT [CalculationPool].[OfferingGroup] ([Title]) VALUES (N'تخلفات')
GO
INSERT [CalculationPool].[OfferingGroup] ([Title]) VALUES (N'پس از فروش')
GO
INSERT [CalculationPool].[OfferingUnit] ([Title],Symbol) VALUES (N'مترمکعب','--')
GO
INSERT [CalculationPool].[OfferingUnit] ([Title],Symbol) VALUES (N'متر','--')
GO
INSERT [CalculationPool].[OfferingUnit] ([Title],Symbol) VALUES (N'لیتر','--')
GO
INSERT [CalculationPool].[OfferingUnit] ([Title],Symbol) VALUES (N'تعداد','--')
GO
INSERT [CalculationPool].[OfferingUnit] ([Title],Symbol) VALUES (N'بدون واحد','--')
GO
INSERT [CalculationPool].[Offering] ([Title], [OfferingUnitId], [OfferingGroupId], [InstallmentOption]) VALUES ( N'خدمات نصب آب', 1, 1, 0)
GO
INSERT [CalculationPool].[Offering] ([Title], [OfferingUnitId], [OfferingGroupId], [InstallmentOption]) VALUES (N'حق انشعاب آب', 1, 1, 0)
GO
INSERT [CalculationPool].[Offering] ([Title], [OfferingUnitId], [OfferingGroupId], [InstallmentOption]) VALUES (N'هزينه تراکم آب', 1, 1, 0)
GO
INSERT [CalculationPool].[Offering] ([Title], [OfferingUnitId], [OfferingGroupId], [InstallmentOption]) VALUES (N'اختلاف واحد آب', 1, 1, 0)
GO
INSERT [CalculationPool].[Offering] ([Title], [OfferingUnitId], [OfferingGroupId], [InstallmentOption]) VALUES (N'ارزش تجاري آب  مشترکين جديد', 1, 1, 0)
GO
INSERT [CalculationPool].[Offering] ([Title], [OfferingUnitId], [OfferingGroupId], [InstallmentOption]) VALUES (N'تفکيک عرصه آب', 1, 1, 0)
GO
INSERT [CalculationPool].[Offering] ([Title], [OfferingUnitId], [OfferingGroupId], [InstallmentOption]) VALUES (N'تبصره 2', 1, 1, 0)
GO
INSERT [CalculationPool].[Offering] ([Title], [OfferingUnitId], [OfferingGroupId], [InstallmentOption]) VALUES (N'خط انتقال آب', 1, 1, 0)
GO
INSERT [CalculationPool].[Offering] ([Title], [OfferingUnitId], [OfferingGroupId], [InstallmentOption]) VALUES (N'سهم منبع آب', 1, 1, 0)
GO
INSERT [CalculationPool].[Offering] ([Title], [OfferingUnitId], [OfferingGroupId], [InstallmentOption]) VALUES (N'آماده سازي آب  ماده واحده', 1, 1, 0)
GO
INSERT [CalculationPool].[Offering] ([Title], [OfferingUnitId], [OfferingGroupId], [InstallmentOption]) VALUES (N'کارمزد تقسيط آب', 1, 1, 0)
GO
INSERT [CalculationPool].[Offering] ([Title], [OfferingUnitId], [OfferingGroupId], [InstallmentOption]) VALUES (N'خدمات نصب فاضلاب', 1, 1, 0)
GO
INSERT [CalculationPool].[Offering] ([Title], [OfferingUnitId], [OfferingGroupId], [InstallmentOption]) VALUES (N'حق انشعاب فاضلاب', 1, 1, 0)
GO
INSERT [CalculationPool].[Offering] ([Title], [OfferingUnitId], [OfferingGroupId], [InstallmentOption]) VALUES (N'هزينه تراکم فاضلاب', 1, 1, 0)
GO
INSERT [CalculationPool].[Offering] ([Title], [OfferingUnitId], [OfferingGroupId], [InstallmentOption]) VALUES (N'اختلاف واحد فاضلاب', 1, 1, 0)
GO
INSERT [CalculationPool].[Offering] ([Title], [OfferingUnitId], [OfferingGroupId], [InstallmentOption]) VALUES (N'ارزش تجاري فاضلاب مشترکين جديد', 1, 1, 0)
GO
INSERT [CalculationPool].[Offering] ([Title], [OfferingUnitId], [OfferingGroupId], [InstallmentOption]) VALUES (N'تفکيک عرصه فاضلاب', 1, 1, 0)
GO
INSERT [CalculationPool].[Offering] ([Title], [OfferingUnitId], [OfferingGroupId], [InstallmentOption]) VALUES (N'خط  انتقال فاضلاب', 1, 1, 0)
GO
INSERT [CalculationPool].[Offering] ([Title], [OfferingUnitId], [OfferingGroupId], [InstallmentOption]) VALUES (N'آماده سازي فاضلاب ماده واحده', 1, 1, 0)
GO
INSERT [CalculationPool].[Offering] ([Title], [OfferingUnitId], [OfferingGroupId], [InstallmentOption]) VALUES (N'کارمزد تقسيط فاضلاب', 1, 1, 0)
GO
INSERT [CalculationPool].[Offering] ([Title], [OfferingUnitId], [OfferingGroupId], [InstallmentOption]) VALUES (N'استعلام', 1, 1, 0)
GO
INSERT [CalculationPool].[Offering] ([Title], [OfferingUnitId], [OfferingGroupId], [InstallmentOption]) VALUES (N'تغيير نام', 1, 1, 0)
GO
INSERT [CalculationPool].[Offering] ([Title], [OfferingUnitId], [OfferingGroupId], [InstallmentOption]) VALUES (N'تغيير قطر', 1, 1, 0)
GO
INSERT [CalculationPool].[Offering] ([Title], [OfferingUnitId], [OfferingGroupId], [InstallmentOption]) VALUES (N'قطع و وصل', 1, 1, 0)
GO
INSERT [CalculationPool].[Offering] ([Title], [OfferingUnitId], [OfferingGroupId], [InstallmentOption]) VALUES (N'تغيير سطح', 1, 1, 0)
GO
INSERT [CalculationPool].[Offering] ([Title], [OfferingUnitId], [OfferingGroupId], [InstallmentOption]) VALUES (N'تغيير محل کنتور', 1, 1, 0)
GO
INSERT [CalculationPool].[Offering] ([Title], [OfferingUnitId], [OfferingGroupId], [InstallmentOption]) VALUES (N'جريمه تخلفات', 1, 1, 0)
GO
INSERT [CalculationPool].[Offering] ([Title], [OfferingUnitId], [OfferingGroupId], [InstallmentOption]) VALUES (N'آزمايش کنتور', 1, 1, 0)
GO
INSERT [CalculationPool].[Offering] ([Title], [OfferingUnitId], [OfferingGroupId], [InstallmentOption]) VALUES (N'جابجائي کنتور', 1, 1, 0)
GO
INSERT [CalculationPool].[Offering] ([Title], [OfferingUnitId], [OfferingGroupId], [InstallmentOption]) VALUES (N'تغيير قطر سيفون', 1, 1, 0)
GO
INSERT [CalculationPool].[Offering] ([Title], [OfferingUnitId], [OfferingGroupId], [InstallmentOption]) VALUES (N'سيفون دوم', 1, 1, 0)
GO
INSERT [CalculationPool].[Offering] ([Title], [OfferingUnitId], [OfferingGroupId], [InstallmentOption]) VALUES (N'ماده 11 آب', 1, 1, 0)
GO
INSERT [CalculationPool].[Offering] ([Title], [OfferingUnitId], [OfferingGroupId], [InstallmentOption]) VALUES (N'ماده 11 فاضلاب', 1, 1, 0)
GO
INSERT [CalculationPool].[Offering] ([Title], [OfferingUnitId], [OfferingGroupId], [InstallmentOption]) VALUES (N'دير کرد', 1, 1, 0)
GO
INSERT [CalculationPool].[Offering] ([Title], [OfferingUnitId], [OfferingGroupId], [InstallmentOption]) VALUES (N'قطعات نصب  آب', 1, 1, 0)
GO
INSERT [CalculationPool].[Offering] ([Title], [OfferingUnitId], [OfferingGroupId], [InstallmentOption]) VALUES (N'قطعات نصب فاضلاب', 1, 1, 0)
GO
INSERT [CalculationPool].[Offering] ([Title], [OfferingUnitId], [OfferingGroupId], [InstallmentOption]) VALUES (N'بها کنتور', 1, 1, 0)
GO
INSERT [CalculationPool].[Offering] ([Title], [OfferingUnitId], [OfferingGroupId], [InstallmentOption]) VALUES (N'اضافه حفاري  آب', 1, 1, 0)
GO
INSERT [CalculationPool].[Offering] ([Title], [OfferingUnitId], [OfferingGroupId], [InstallmentOption]) VALUES (N'اضافه حفاري فاضلاب', 1, 1, 0)
GO
INSERT [CalculationPool].[Offering] ([Title], [OfferingUnitId], [OfferingGroupId], [InstallmentOption]) VALUES (N'سهم  لوله گذاري  اختصاصي آب', 1, 1, 0)
GO
INSERT [CalculationPool].[Offering] ([Title], [OfferingUnitId], [OfferingGroupId], [InstallmentOption]) VALUES (N'سهم  لوله گذاري  اختصاصي فاضلاب', 1, 1, 0)
GO
INSERT [CalculationPool].[Offering] ([Title], [OfferingUnitId], [OfferingGroupId], [InstallmentOption]) VALUES (N'مميزي مجدد', 1, 1, 0)
GO
INSERT [CalculationPool].[Offering] ([Title], [OfferingUnitId], [OfferingGroupId], [InstallmentOption]) VALUES (N'قبض المثني', 1, 1, 0)
GO
INSERT [CalculationPool].[Offering] ([Title], [OfferingUnitId], [OfferingGroupId], [InstallmentOption]) VALUES (N'جابجائي سيفون', 1, 1, 0)
GO
INSERT [CalculationPool].[Offering] ([Title], [OfferingUnitId], [OfferingGroupId], [InstallmentOption]) VALUES (N'قرارداد آماده سازي  آب  پروژه   ستاد', 1, 1, 0)
GO
INSERT [CalculationPool].[Offering] ([Title], [OfferingUnitId], [OfferingGroupId], [InstallmentOption]) VALUES (N'قرارداد آماده سازي فاضلاب  پروژه  ست', 1, 1, 0)
GO
INSERT [CalculationPool].[Offering] ([Title], [OfferingUnitId], [OfferingGroupId], [InstallmentOption]) VALUES (N'وديعه', 1, 1, 0)
GO
INSERT [CalculationPool].[Offering] ([Title], [OfferingUnitId], [OfferingGroupId], [InstallmentOption]) VALUES (N'تغيير قطر انشعاب  آب  پيش از نصب', 1, 1, 0)
GO
INSERT [CalculationPool].[Offering] ([Title], [OfferingUnitId], [OfferingGroupId], [InstallmentOption]) VALUES (N'تغيير قطر  سيفون  فاضلاب  پيش از نصب', 1, 1, 0)
GO
INSERT [CalculationPool].[Offering] ([Title], [OfferingUnitId], [OfferingGroupId], [InstallmentOption]) VALUES (N'جريمه انشعاب  غير مجاز فاضلاب', 1, 1, 0)
GO
INSERT [CalculationPool].[Offering] ([Title], [OfferingUnitId], [OfferingGroupId], [InstallmentOption]) VALUES (N'تغيير کاربري آب', 1, 1, 0)
GO
INSERT [CalculationPool].[Offering] ([Title], [OfferingUnitId], [OfferingGroupId], [InstallmentOption]) VALUES (N'تغيير کاربري فاضلاب', 1, 1, 0)
GO
INSERT [CalculationPool].[Offering] ([Title], [OfferingUnitId], [OfferingGroupId], [InstallmentOption]) VALUES (N'نصب مجدد آّب', 1, 1, 0)
GO
INSERT [CalculationPool].[Offering] ([Title], [OfferingUnitId], [OfferingGroupId], [InstallmentOption]) VALUES (N'نصب مجدد فاضلاب', 1, 1, 0)
GO
INSERT [CalculationPool].[Offering] ([Title], [OfferingUnitId], [OfferingGroupId], [InstallmentOption]) VALUES (N'مخرن ذخيره آب', 1, 1, 0)
GO
INSERT [CalculationPool].[Offering] ([Title], [OfferingUnitId], [OfferingGroupId], [InstallmentOption]) VALUES (N'ايستگاه پمپاژ آب', 1, 1, 0)
GO
INSERT [CalculationPool].[Offering] ([Title], [OfferingUnitId], [OfferingGroupId], [InstallmentOption]) VALUES (N'ثابت آماده سازي آب', 1, 1, 0)
GO
INSERT [CalculationPool].[Offering] ([Title], [OfferingUnitId], [OfferingGroupId], [InstallmentOption]) VALUES (N'ثابت آماده سازي فاضلاب', 1, 1, 0)
GO
INSERT [CalculationPool].[Offering] ([Title], [OfferingUnitId], [OfferingGroupId], [InstallmentOption]) VALUES (N'ارزش تجاري آّب   مشترکين قديم', 1, 1, 0)
GO
INSERT [CalculationPool].[Offering] ([Title], [OfferingUnitId], [OfferingGroupId], [InstallmentOption]) VALUES (N'ارزش تجاري فاضلاب   مشترکين قديم', 1, 1, 0)
GO
INSERT [CalculationPool].[Offering] ([Title], [OfferingUnitId], [OfferingGroupId], [InstallmentOption]) VALUES (N'علي الحساب', 1, 1, 0)
GO
INSERT [CalculationPool].[Offering] ([Title], [OfferingUnitId], [OfferingGroupId], [InstallmentOption]) VALUES (N'ماده 11 آب شرکت مهندسی', 1, 1, 0)
GO
INSERT [CalculationPool].[Offering] ([Title], [OfferingUnitId], [OfferingGroupId], [InstallmentOption]) VALUES (N'ماده 11 فاضلاب شرکت مهندسی', 1, 1, 0)
GO
INSERT [CalculationPool].[Offering] ([Title], [OfferingUnitId], [OfferingGroupId], [InstallmentOption]) VALUES (N'لوله گذاری آب تقویض اختیار', 1, 1, 0)
GO
INSERT [CalculationPool].[Offering] ([Title], [OfferingUnitId], [OfferingGroupId], [InstallmentOption]) VALUES (N'لوله گذاری فاضلاب تفویض اختیار', 1, 1, 0)
GO
INSERT [CalculationPool].[Offering] ([Title], [OfferingUnitId], [OfferingGroupId], [InstallmentOption]) VALUES (N'لوله گذاری آب قرارداد', 1, 1, 0)
GO
INSERT [CalculationPool].[Offering] ([Title], [OfferingUnitId], [OfferingGroupId], [InstallmentOption]) VALUES (N'لوله گذاری فاضلاب قرارداد', 1, 1, 0)
GO
INSERT [CalculationPool].[Offering] ([Title], [OfferingUnitId], [OfferingGroupId], [InstallmentOption]) VALUES (N'لوله گذاری آب عدم متولی', 1, 1, 0)
GO
INSERT [CalculationPool].[Offering] ([Title], [OfferingUnitId], [OfferingGroupId], [InstallmentOption]) VALUES (N'لوله گذاری فاضلاب عدم متولی', 1, 1, 0)
GO
INSERT [CalculationPool].[Offering] ([Title], [OfferingUnitId], [OfferingGroupId], [InstallmentOption]) VALUES (N'ماده 11 آب آماده سازی', 1, 1, 0)
GO
INSERT [CalculationPool].[Offering] ([Title], [OfferingUnitId], [OfferingGroupId], [InstallmentOption]) VALUES (N'ماده 11 فاضلاب آماده سازی', 1, 1, 0)
GO
INSERT [CalculationPool].[Offering] ([Title], [OfferingUnitId], [OfferingGroupId], [InstallmentOption]) VALUES (N'ماده 11 آب- عدم متولی', 1, 1, 0)
GO
INSERT [CalculationPool].[Offering] ([Title], [OfferingUnitId], [OfferingGroupId], [InstallmentOption]) VALUES (N'ماده 11 فاضلاب- عدم متولی', 1, 1, 0)
GO
INSERT [CalculationPool].[Offering] ([Title], [OfferingUnitId], [OfferingGroupId], [InstallmentOption]) VALUES (N'ماده 11 آب- اعمال تخفیف', 1, 1, 0)
GO
INSERT [CalculationPool].[Offering] ([Title], [OfferingUnitId], [OfferingGroupId], [InstallmentOption]) VALUES (N'ماده 11 فاضلاب- اعمال تخفیف', 1, 1, 0)
GO
INSERT [CalculationPool].[Offering] ([Title], [OfferingUnitId], [OfferingGroupId], [InstallmentOption]) VALUES (N'لوازم نصب آب', 1, 1, 0)
GO
INSERT [CalculationPool].[Offering] ([Title], [OfferingUnitId], [OfferingGroupId], [InstallmentOption]) VALUES (N'لوازم نصب فاضلاب', 1, 1, 0)
GO
INSERT [CalculationPool].[Offering] ([Title], [OfferingUnitId], [OfferingGroupId], [InstallmentOption]) VALUES (N'آب بها', 1, 1, 0)
GO
INSERT [CalculationPool].[Offering] ([Title], [OfferingUnitId], [OfferingGroupId], [InstallmentOption]) VALUES (N'کارمزد دفع فاضلاب', 1, 1, 0)
GO
INSERT [CalculationPool].[Offering] ([Title], [OfferingUnitId], [OfferingGroupId], [InstallmentOption]) VALUES (N'آبونمان آب', 1, 1, 0)
GO
INSERT [CalculationPool].[Offering] ([Title], [OfferingUnitId], [OfferingGroupId], [InstallmentOption]) VALUES (N'آبونمان فاضلاب', 1, 1, 0)
GO
INSERT [CalculationPool].[Offering] ([Title], [OfferingUnitId], [OfferingGroupId], [InstallmentOption]) VALUES (N'عوارض شهرداری', 1, 1, 0)
GO
INSERT [CalculationPool].[Offering] ([Title], [OfferingUnitId], [OfferingGroupId], [InstallmentOption]) VALUES (N'تبصره 2', 1, 1, 0)
GO
INSERT [CalculationPool].[Offering] ([Title], [OfferingUnitId], [OfferingGroupId], [InstallmentOption]) VALUES (N'تبصره 2 و 3 قدیم (قابل جمع با آب بها)', 1, 1, 0)
GO
INSERT [CalculationPool].[Offering] ([Title], [OfferingUnitId], [OfferingGroupId], [InstallmentOption]) VALUES (N'جریمه', 1, 1, 0)
GO
INSERT [CalculationPool].[Offering] ([Title], [OfferingUnitId], [OfferingGroupId], [InstallmentOption]) VALUES (N'آبرسانی', 1, 1, 0)
GO
INSERT [CalculationPool].[Offering] ([Title], [OfferingUnitId], [OfferingGroupId], [InstallmentOption]) VALUES (N'ضریب D/ جوانی جمعیت', 1, 1, 0)
GO
INSERT [CalculationPool].[Offering] ([Title], [OfferingUnitId], [OfferingGroupId], [InstallmentOption]) VALUES (N'فصل گرم سال', 1, 1, 0)
GO
INSERT [CalculationPool].[Offering] ([Title], [OfferingUnitId], [OfferingGroupId], [InstallmentOption]) VALUES (N'ضریب تعدیل', 1, 1, 0)
GO
INSERT [CalculationPool].[Offering] ([Title], [OfferingUnitId], [OfferingGroupId], [InstallmentOption]) VALUES (N'تبصره3  آب', 1, 1, 0)
GO
INSERT [CalculationPool].[Offering] ([Title], [OfferingUnitId], [OfferingGroupId], [InstallmentOption]) VALUES (N'تبصره3  فاضلاب', 1, 1, 0)
GO
INSERT [CalculationPool].[Offering] ([Title], [OfferingUnitId], [OfferingGroupId], [InstallmentOption]) VALUES (N'تبصره آبونمان فاضلاب', 1, 1, 0)
GO
INSERT [CalculationPool].[Offering] ([Title], [OfferingUnitId], [OfferingGroupId], [InstallmentOption]) VALUES (N'مبلغ قانون بودجه', 1, 1, 0)
GO
INSERT [CalculationPool].[Offering] ([Title], [OfferingUnitId], [OfferingGroupId], [InstallmentOption]) VALUES (N'قسط لوازم کاهنده مصرف', 1, 1, 0)
GO
--
INSERT [CalculationPool].[Offering] ([Title], [OfferingUnitId], [OfferingGroupId], [InstallmentOption]) VALUES (N'تخفیف آب بها', 1, 1, 0)
GO
INSERT [CalculationPool].[Offering] ([Title], [OfferingUnitId], [OfferingGroupId], [InstallmentOption]) VALUES (N'تخفیف کارمزد دفع فاضلاب', 1, 1, 0)
GO
INSERT [CalculationPool].[Offering] ([Title], [OfferingUnitId], [OfferingGroupId], [InstallmentOption]) VALUES (N'تخفیف آبونمان آب', 1, 1, 0)
GO
INSERT [CalculationPool].[Offering] ([Title], [OfferingUnitId], [OfferingGroupId], [InstallmentOption]) VALUES (N'تخفیف آبونمان فاضلاب', 1, 1, 0)
GO
INSERT [CalculationPool].[Offering] ([Title], [OfferingUnitId], [OfferingGroupId], [InstallmentOption]) VALUES (N'تخفیف عوارض شهرداری', 1, 1, 0)
GO
INSERT [CalculationPool].[Offering] ([Title], [OfferingUnitId], [OfferingGroupId], [InstallmentOption]) VALUES (N'تخفیف تبصره 2', 1, 1, 0)
GO
INSERT [CalculationPool].[Offering] ([Title], [OfferingUnitId], [OfferingGroupId], [InstallmentOption]) VALUES (N'تخفیف تبصره 2 و 3 قدیم (قابل جمع با آب بها)', 1, 1, 0)
GO
INSERT [CalculationPool].[Offering] ([Title], [OfferingUnitId], [OfferingGroupId], [InstallmentOption]) VALUES (N'تخفیف جریمه', 1, 1, 0)
GO
INSERT [CalculationPool].[Offering] ([Title], [OfferingUnitId], [OfferingGroupId], [InstallmentOption]) VALUES (N'تخفیف آبرسانی', 1, 1, 0)
GO
INSERT [CalculationPool].[Offering] ([Title], [OfferingUnitId], [OfferingGroupId], [InstallmentOption]) VALUES (N'تخفیف ضریب D/ جوانی جمعیت', 1, 1, 0)
GO
INSERT [CalculationPool].[Offering] ([Title], [OfferingUnitId], [OfferingGroupId], [InstallmentOption]) VALUES (N'تخفیف فصل گرم سال', 1, 1, 0)
GO
INSERT [CalculationPool].[Offering] ([Title], [OfferingUnitId], [OfferingGroupId], [InstallmentOption]) VALUES (N'تخفیف ضریب تعدیل', 1, 1, 0)
GO
INSERT [CalculationPool].[Offering] ([Title], [OfferingUnitId], [OfferingGroupId], [InstallmentOption]) VALUES (N'تخفیف تبصره3 آب', 1, 1, 0)
GO
INSERT [CalculationPool].[Offering] ([Title], [OfferingUnitId], [OfferingGroupId], [InstallmentOption]) VALUES (N'تخفیف تبصره3 فاضلاب', 1, 1, 0)
GO
INSERT [CalculationPool].[Offering] ([Title], [OfferingUnitId], [OfferingGroupId], [InstallmentOption]) VALUES (N'تخفیف تبصره آبونمان فاضلاب', 1, 1, 0)
GO
INSERT [CalculationPool].[Offering] ([Title], [OfferingUnitId], [OfferingGroupId], [InstallmentOption]) VALUES (N'تخفیف مبلغ قانون بودجه', 1, 1, 0)
GO
INSERT [CalculationPool].[Offering] ([Title], [OfferingUnitId], [OfferingGroupId], [InstallmentOption]) VALUES (N'تخفیف قسط لوازم کاهنده مصرف', 1, 1, 0)
GO