USE [Aban360]
GO
INSERT [CalculationPool].[CompanyServiceType] ([Title], [Id],[TariffCalculationModeId]) VALUES (N'فروش', 1,1)
GO
INSERT [CalculationPool].[CompanyServiceType] ([Title], [Id],[TariffCalculationModeId]) VALUES (N'پس از فروش', 2,1)
GO
INSERT [CalculationPool].[CompanyServiceType] ([Title], [Id],[TariffCalculationModeId]) VALUES (N'آب بها', 3,1)
GO
INSERT [CalculationPool].[CompanyService] ([Id], [CompanyServiceTypeId], [Title]) VALUES (1, 1, N'انشعاب آب')
GO
INSERT [CalculationPool].[CompanyService] ([Id], [CompanyServiceTypeId], [Title]) VALUES (2, 1, N'انشعاب فاضلاب')
GO
INSERT [CalculationPool].[CompanyService] ([Id], [CompanyServiceTypeId], [Title]) VALUES (3, 2, N'انشعاب فاضلاب')
GO
INSERT [CalculationPool].[CompanyService] ([Id], [CompanyServiceTypeId], [Title]) VALUES (4, 2, N'تفکیک کنتور')
GO
INSERT [CalculationPool].[CompanyService] ([Id], [CompanyServiceTypeId], [Title]) VALUES (5, 2, N'تغییر مشخصات')
GO
INSERT [CalculationPool].[CompanyService] ([Id], [CompanyServiceTypeId], [Title]) VALUES (6, 2, N'تغییر واحد ')
GO
INSERT [CalculationPool].[CompanyService] ([Id], [CompanyServiceTypeId], [Title]) VALUES (7, 2, N'تغییر کاربری')
GO
INSERT [CalculationPool].[CompanyService] ([Id], [CompanyServiceTypeId], [Title]) VALUES (8, 2, N'تغییر قطر انشعاب')
GO
INSERT [CalculationPool].[CompanyService] ([Id], [CompanyServiceTypeId], [Title]) VALUES (9, 2, N'نصب سیفون اضافی')
GO
INSERT [CalculationPool].[CompanyService] ([Id], [CompanyServiceTypeId], [Title]) VALUES (10, 2, N'جابجایی کنتور')
GO
INSERT [CalculationPool].[CompanyService] ([Id], [CompanyServiceTypeId], [Title]) VALUES (11, 2, N'برچیدن انشعاب')
GO
INSERT [CalculationPool].[CompanyService] ([Id], [CompanyServiceTypeId], [Title]) VALUES (12, 2, N'تجمیع و ادغام املاک')
GO
INSERT [CalculationPool].[CompanyService] ([Id], [CompanyServiceTypeId], [Title]) VALUES (13, 2, N'فروش آب تانکری')
GO
INSERT [CalculationPool].[CompanyService] ([Id], [CompanyServiceTypeId], [Title]) VALUES (14, 2, N'"پیشنهادات،انتقادات،شکایات"')
GO
INSERT [CalculationPool].[CompanyService] ([Id], [CompanyServiceTypeId], [Title]) VALUES (15, 2, N'امکان پرداخت صورتحساب')
GO
INSERT [CalculationPool].[CompanyService] ([Id], [CompanyServiceTypeId], [Title]) VALUES (16, 2, N'مشاهده سوابق')
GO
INSERT [CalculationPool].[CompanyService] ([Id], [CompanyServiceTypeId], [Title]) VALUES (17, 2, N'تسویه حساب')
GO
INSERT [CalculationPool].[CompanyService] ([Id], [CompanyServiceTypeId], [Title]) VALUES (18, 2, N'بررسی صورتحساب')
GO
INSERT [CalculationPool].[CompanyService] ([Id], [CompanyServiceTypeId], [Title]) VALUES (19, 2, N'صورتحساب میاندوره')
GO
INSERT [CalculationPool].[CompanyService] ([Id], [CompanyServiceTypeId], [Title]) VALUES (20, 2, N'قطع موقت و وصل انشعاب')
GO
INSERT [CalculationPool].[CompanyService] ([Id], [CompanyServiceTypeId], [Title]) VALUES (21, 2, N'آزمایش کنتور')
GO
INSERT [CalculationPool].[CompanyService] ([Id], [CompanyServiceTypeId], [Title]) VALUES (22, 2, N'واگذاری انشعاب آب و فاضلاب')
GO
INSERT [CalculationPool].[CompanyService] ([Id], [CompanyServiceTypeId], [Title]) VALUES (23, 2, N'خدمات پس از فروش')
GO
INSERT [CalculationPool].[CompanyService] ([Id], [CompanyServiceTypeId], [Title]) VALUES (24, 2, N'تغییر قطر سیفون')
GO
INSERT [CalculationPool].[CompanyService] ([Id], [CompanyServiceTypeId], [Title]) VALUES (25, 2, N'تعویض سیفون')
GO
INSERT [CalculationPool].[CompanyService] ([Id], [CompanyServiceTypeId], [Title]) VALUES (26, 2, N'استعلام محضر')
GO
INSERT [CalculationPool].[CompanyService] ([Id], [CompanyServiceTypeId], [Title]) VALUES (27, 2, N'قطع و وصل انشعاب')
GO
INSERT [CalculationPool].[CompanyService] ([Id], [CompanyServiceTypeId], [Title]) VALUES (28, 2, N'جابجایی سیفون')
GO
INSERT [CalculationPool].[CompanyService] ([Id], [CompanyServiceTypeId], [Title]) VALUES (29, 2, N'نظام مهندسی')
GO
INSERT [CalculationPool].[CompanyService] ([Id], [CompanyServiceTypeId], [Title]) VALUES (30, 2, N'تعویض کنتور')
GO
INSERT [CalculationPool].[CompanyService] ([Id], [CompanyServiceTypeId], [Title]) VALUES (31, 2, N'تغییر ظرفیت قراردادی')
GO
INSERT [CalculationPool].[CompanyService] ([Id], [CompanyServiceTypeId], [Title]) VALUES (39, 1, N'نظام مهندسی')
GO
INSERT [CalculationPool].[CompanyService] ([Id], [CompanyServiceTypeId], [Title]) VALUES (40, 1, N'لوله گذاری اصلی')
GO
INSERT [CalculationPool].[CompanyService] ([Id], [CompanyServiceTypeId], [Title]) VALUES (41, 1, N'کنتور مجزا')
GO
INSERT [CalculationPool].[CompanyService] ([Id], [CompanyServiceTypeId], [Title]) VALUES (42, 2, N'خانوار شماری')
GO
INSERT [CalculationPool].[CompanyService] ([Id], [CompanyServiceTypeId], [Title]) VALUES (43, 1, N'آماده سازی آب')
GO
INSERT [CalculationPool].[CompanyService] ([Id], [CompanyServiceTypeId], [Title]) VALUES (44, 1, N'آماده سازی فاضلاب')
GO
INSERT [CalculationPool].[CompanyService] ([Id], [CompanyServiceTypeId], [Title]) VALUES (45, 2, N'آماده سازی آب')
GO
INSERT [CalculationPool].[CompanyService] ([Id], [CompanyServiceTypeId], [Title]) VALUES (46, 2, N'آماده سازی فاضلاب')
GO
INSERT [CalculationPool].[CompanyService] ([Id], [CompanyServiceTypeId], [Title]) VALUES (47, 2, N'تغییر تعرفه')
GO
INSERT [CalculationPool].[CompanyService] ([Id], [CompanyServiceTypeId], [Title]) VALUES (60, 3, N'تعویض کنتور')
GO
INSERT [CalculationPool].[CompanyService] ([Id], [CompanyServiceTypeId], [Title]) VALUES (61, 3, N'برگشتی')
GO
INSERT [CalculationPool].[CompanyService] ([Id], [CompanyServiceTypeId], [Title]) VALUES (62, 3, N'آزمایش کنتور')
GO
INSERT [CalculationPool].[CompanyService] ([Id], [CompanyServiceTypeId], [Title]) VALUES (63, 3, N'بررسی صورتحساب')
GO
INSERT [CalculationPool].[CompanyService] ([Id], [CompanyServiceTypeId], [Title]) VALUES (64, 3, N'فروش آب تانکری')
GO
INSERT [CalculationPool].[CompanyService] ([Id], [CompanyServiceTypeId], [Title]) VALUES (65, 3, N'اعلام کنتور خراب')
GO
INSERT [CalculationPool].[CompanyService] ([Id], [CompanyServiceTypeId], [Title]) VALUES (66, 3, N'اشتباه قرائت')
GO
INSERT [CalculationPool].[CompanyService] ([Id], [CompanyServiceTypeId], [Title]) VALUES (67, 2, N'پیمایش')
GO
INSERT [CalculationPool].[CompanyService] ([Id], [CompanyServiceTypeId], [Title]) VALUES (68, 3, N'تسویه حساب')
GO
INSERT [CalculationPool].[CompanyService] ([Id], [CompanyServiceTypeId], [Title]) VALUES (69, 3, N'قطع و وصل ')
GO
INSERT [CalculationPool].[CompanyService] ([Id], [CompanyServiceTypeId], [Title]) VALUES (70, 3, N'حذف موقت')
GO
INSERT [CalculationPool].[CompanyService] ([Id], [CompanyServiceTypeId], [Title]) VALUES (71, 3, N'برگشتی')
GO
INSERT [CalculationPool].[CompanyService] ([Id], [CompanyServiceTypeId], [Title]) VALUES (72, 3, N'سایر')
GO
INSERT [CalculationPool].[CompanyService] ([Id], [CompanyServiceTypeId], [Title]) VALUES (73, 3, N'ارجاع به کلید ها')
GO
INSERT [CalculationPool].[CompanyService] ([Id], [CompanyServiceTypeId], [Title]) VALUES (74, 2, N'سایر خدمات')
GO
INSERT [CalculationPool].[CompanyService] ([Id], [CompanyServiceTypeId], [Title]) VALUES (75, 3, N'لوله ترکیدگی')
GO
INSERT [CalculationPool].[CompanyService] ([Id], [CompanyServiceTypeId], [Title]) VALUES (76, 3, N'بررسی اشتباه پرداخت')
GO
INSERT [CalculationPool].[CompanyService] ([Id], [CompanyServiceTypeId], [Title]) VALUES (77, 2, N'تغییر سطح کنتور')
GO
INSERT [CalculationPool].[CompanyService] ([Id], [CompanyServiceTypeId], [Title]) VALUES (78, 3, N'اعتراض به آحاد خالی')
GO
INSERT [CalculationPool].[OfferingGroup] ([Title]) VALUES (N'واگذاری انشعاب')
GO
INSERT [CalculationPool].[OfferingGroup] ([Title]) VALUES (N'آب بها')
GO
INSERT [CalculationPool].[OfferingGroup] ([Title]) VALUES (N'تخلفات')
GO
INSERT [CalculationPool].[OfferingGroup] ([Title]) VALUES (N'پس از فروش')
GO
INSERT [CalculationPool].[OfferingUnit] ([Title],Symbol) VALUES (N'مترمکعب','--')
GO
INSERT [CalculationPool].[OfferingUnit] ([Title],Symbol) VALUES (N'متر','--')
GO
INSERT [CalculationPool].[OfferingUnit] ([Title],Symbol) VALUES (N'لیتر','--')
GO
INSERT [CalculationPool].[OfferingUnit] ([Title],Symbol) VALUES (N'تعداد','--')
GO
INSERT [CalculationPool].[OfferingUnit] ([Title],Symbol) VALUES (N'بدون واحد','--')
GO
INSERT [CalculationPool].[Offering] ([Title], [OfferingUnitId], [OfferingGroupId], [InstallmentOption]) VALUES ( N'خدمات نصب آب', 1, 1, 0)
GO
INSERT [CalculationPool].[Offering] ([Title], [OfferingUnitId], [OfferingGroupId], [InstallmentOption]) VALUES (N'حق انشعاب آب', 1, 1, 0)
GO
INSERT [CalculationPool].[Offering] ([Title], [OfferingUnitId], [OfferingGroupId], [InstallmentOption]) VALUES (N'هزينه تراکم آب', 1, 1, 0)
GO
INSERT [CalculationPool].[Offering] ([Title], [OfferingUnitId], [OfferingGroupId], [InstallmentOption]) VALUES (N'اختلاف واحد آب', 1, 1, 0)
GO
INSERT [CalculationPool].[Offering] ([Title], [OfferingUnitId], [OfferingGroupId], [InstallmentOption]) VALUES (N'ارزش تجاري آب  مشترکين جديد', 1, 1, 0)
GO
INSERT [CalculationPool].[Offering] ([Title], [OfferingUnitId], [OfferingGroupId], [InstallmentOption]) VALUES (N'تفکيک عرصه آب', 1, 1, 0)
GO
INSERT [CalculationPool].[Offering] ([Title], [OfferingUnitId], [OfferingGroupId], [InstallmentOption]) VALUES (N'تبصره 2', 1, 1, 0)
GO
INSERT [CalculationPool].[Offering] ([Title], [OfferingUnitId], [OfferingGroupId], [InstallmentOption]) VALUES (N'خط انتقال آب', 1, 1, 0)
GO
INSERT [CalculationPool].[Offering] ([Title], [OfferingUnitId], [OfferingGroupId], [InstallmentOption]) VALUES (N'سهم منبع آب', 1, 1, 0)
GO
INSERT [CalculationPool].[Offering] ([Title], [OfferingUnitId], [OfferingGroupId], [InstallmentOption]) VALUES (N'آماده سازي آب  ماده واحده', 1, 1, 0)
GO
INSERT [CalculationPool].[Offering] ([Title], [OfferingUnitId], [OfferingGroupId], [InstallmentOption]) VALUES (N'کارمزد تقسيط آب', 1, 1, 0)
GO
INSERT [CalculationPool].[Offering] ([Title], [OfferingUnitId], [OfferingGroupId], [InstallmentOption]) VALUES (N'خدمات نصب فاضلاب', 1, 1, 0)
GO
INSERT [CalculationPool].[Offering] ([Title], [OfferingUnitId], [OfferingGroupId], [InstallmentOption]) VALUES (N'حق انشعاب فاضلاب', 1, 1, 0)
GO
INSERT [CalculationPool].[Offering] ([Title], [OfferingUnitId], [OfferingGroupId], [InstallmentOption]) VALUES (N'هزينه تراکم فاضلاب', 1, 1, 0)
GO
INSERT [CalculationPool].[Offering] ([Title], [OfferingUnitId], [OfferingGroupId], [InstallmentOption]) VALUES (N'اختلاف واحد فاضلاب', 1, 1, 0)
GO
INSERT [CalculationPool].[Offering] ([Title], [OfferingUnitId], [OfferingGroupId], [InstallmentOption]) VALUES (N'ارزش تجاري فاضلاب مشترکين جديد', 1, 1, 0)
GO
INSERT [CalculationPool].[Offering] ([Title], [OfferingUnitId], [OfferingGroupId], [InstallmentOption]) VALUES (N'تفکيک عرصه فاضلاب', 1, 1, 0)
GO
INSERT [CalculationPool].[Offering] ([Title], [OfferingUnitId], [OfferingGroupId], [InstallmentOption]) VALUES (N'خط  انتقال فاضلاب', 1, 1, 0)
GO
INSERT [CalculationPool].[Offering] ([Title], [OfferingUnitId], [OfferingGroupId], [InstallmentOption]) VALUES (N'آماده سازي فاضلاب ماده واحده', 1, 1, 0)
GO
INSERT [CalculationPool].[Offering] ([Title], [OfferingUnitId], [OfferingGroupId], [InstallmentOption]) VALUES (N'کارمزد تقسيط فاضلاب', 1, 1, 0)
GO
INSERT [CalculationPool].[Offering] ([Title], [OfferingUnitId], [OfferingGroupId], [InstallmentOption]) VALUES (N'استعلام', 1, 1, 0)
GO
INSERT [CalculationPool].[Offering] ([Title], [OfferingUnitId], [OfferingGroupId], [InstallmentOption]) VALUES (N'تغيير نام', 1, 1, 0)
GO
INSERT [CalculationPool].[Offering] ([Title], [OfferingUnitId], [OfferingGroupId], [InstallmentOption]) VALUES (N'تغيير قطر', 1, 1, 0)
GO
INSERT [CalculationPool].[Offering] ([Title], [OfferingUnitId], [OfferingGroupId], [InstallmentOption]) VALUES (N'قطع و وصل', 1, 1, 0)
GO
INSERT [CalculationPool].[Offering] ([Title], [OfferingUnitId], [OfferingGroupId], [InstallmentOption]) VALUES (N'تغيير سطح', 1, 1, 0)
GO
INSERT [CalculationPool].[Offering] ([Title], [OfferingUnitId], [OfferingGroupId], [InstallmentOption]) VALUES (N'تغيير محل کنتور', 1, 1, 0)
GO
INSERT [CalculationPool].[Offering] ([Title], [OfferingUnitId], [OfferingGroupId], [InstallmentOption]) VALUES (N'جريمه تخلفات', 1, 1, 0)
GO
INSERT [CalculationPool].[Offering] ([Title], [OfferingUnitId], [OfferingGroupId], [InstallmentOption]) VALUES (N'آزمايش کنتور', 1, 1, 0)
GO
INSERT [CalculationPool].[Offering] ([Title], [OfferingUnitId], [OfferingGroupId], [InstallmentOption]) VALUES (N'جابجائي کنتور', 1, 1, 0)
GO
INSERT [CalculationPool].[Offering] ([Title], [OfferingUnitId], [OfferingGroupId], [InstallmentOption]) VALUES (N'تغيير قطر سيفون', 1, 1, 0)
GO
INSERT [CalculationPool].[Offering] ([Title], [OfferingUnitId], [OfferingGroupId], [InstallmentOption]) VALUES (N'سيفون دوم', 1, 1, 0)
GO
INSERT [CalculationPool].[Offering] ([Title], [OfferingUnitId], [OfferingGroupId], [InstallmentOption]) VALUES (N'ماده 11 آب', 1, 1, 0)
GO
INSERT [CalculationPool].[Offering] ([Title], [OfferingUnitId], [OfferingGroupId], [InstallmentOption]) VALUES (N'ماده 11 فاضلاب', 1, 1, 0)
GO
INSERT [CalculationPool].[Offering] ([Title], [OfferingUnitId], [OfferingGroupId], [InstallmentOption]) VALUES (N'دير کرد', 1, 1, 0)
GO
INSERT [CalculationPool].[Offering] ([Title], [OfferingUnitId], [OfferingGroupId], [InstallmentOption]) VALUES (N'قطعات نصب  آب', 1, 1, 0)
GO
INSERT [CalculationPool].[Offering] ([Title], [OfferingUnitId], [OfferingGroupId], [InstallmentOption]) VALUES (N'قطعات نصب فاضلاب', 1, 1, 0)
GO
INSERT [CalculationPool].[Offering] ([Title], [OfferingUnitId], [OfferingGroupId], [InstallmentOption]) VALUES (N'بها کنتور', 1, 1, 0)
GO
INSERT [CalculationPool].[Offering] ([Title], [OfferingUnitId], [OfferingGroupId], [InstallmentOption]) VALUES (N'اضافه حفاري  آب', 1, 1, 0)
GO
INSERT [CalculationPool].[Offering] ([Title], [OfferingUnitId], [OfferingGroupId], [InstallmentOption]) VALUES (N'اضافه حفاري فاضلاب', 1, 1, 0)
GO
INSERT [CalculationPool].[Offering] ([Title], [OfferingUnitId], [OfferingGroupId], [InstallmentOption]) VALUES (N'سهم  لوله گذاري  اختصاصي آب', 1, 1, 0)
GO
INSERT [CalculationPool].[Offering] ([Title], [OfferingUnitId], [OfferingGroupId], [InstallmentOption]) VALUES (N'سهم  لوله گذاري  اختصاصي فاضلاب', 1, 1, 0)
GO
INSERT [CalculationPool].[Offering] ([Title], [OfferingUnitId], [OfferingGroupId], [InstallmentOption]) VALUES (N'مميزي مجدد', 1, 1, 0)
GO
INSERT [CalculationPool].[Offering] ([Title], [OfferingUnitId], [OfferingGroupId], [InstallmentOption]) VALUES (N'قبض المثني', 1, 1, 0)
GO
INSERT [CalculationPool].[Offering] ([Title], [OfferingUnitId], [OfferingGroupId], [InstallmentOption]) VALUES (N'جابجائي سيفون', 1, 1, 0)
GO
INSERT [CalculationPool].[Offering] ([Title], [OfferingUnitId], [OfferingGroupId], [InstallmentOption]) VALUES (N'قرارداد آماده سازي  آب  پروژه   ستاد', 1, 1, 0)
GO
INSERT [CalculationPool].[Offering] ([Title], [OfferingUnitId], [OfferingGroupId], [InstallmentOption]) VALUES (N'قرارداد آماده سازي فاضلاب  پروژه  ست', 1, 1, 0)
GO
INSERT [CalculationPool].[Offering] ([Title], [OfferingUnitId], [OfferingGroupId], [InstallmentOption]) VALUES (N'وديعه', 1, 1, 0)
GO
INSERT [CalculationPool].[Offering] ([Title], [OfferingUnitId], [OfferingGroupId], [InstallmentOption]) VALUES (N'تغيير قطر انشعاب  آب  پيش از نصب', 1, 1, 0)
GO
INSERT [CalculationPool].[Offering] ([Title], [OfferingUnitId], [OfferingGroupId], [InstallmentOption]) VALUES (N'تغيير قطر  سيفون  فاضلاب  پيش از نصب', 1, 1, 0)
GO
INSERT [CalculationPool].[Offering] ([Title], [OfferingUnitId], [OfferingGroupId], [InstallmentOption]) VALUES (N'جريمه انشعاب  غير مجاز فاضلاب', 1, 1, 0)
GO
INSERT [CalculationPool].[Offering] ([Title], [OfferingUnitId], [OfferingGroupId], [InstallmentOption]) VALUES (N'تغيير کاربري آب', 1, 1, 0)
GO
INSERT [CalculationPool].[Offering] ([Title], [OfferingUnitId], [OfferingGroupId], [InstallmentOption]) VALUES (N'تغيير کاربري فاضلاب', 1, 1, 0)
GO
INSERT [CalculationPool].[Offering] ([Title], [OfferingUnitId], [OfferingGroupId], [InstallmentOption]) VALUES (N'نصب مجدد آّب', 1, 1, 0)
GO
INSERT [CalculationPool].[Offering] ([Title], [OfferingUnitId], [OfferingGroupId], [InstallmentOption]) VALUES (N'نصب مجدد فاضلاب', 1, 1, 0)
GO
INSERT [CalculationPool].[Offering] ([Title], [OfferingUnitId], [OfferingGroupId], [InstallmentOption]) VALUES (N'مخرن ذخيره آب', 1, 1, 0)
GO
INSERT [CalculationPool].[Offering] ([Title], [OfferingUnitId], [OfferingGroupId], [InstallmentOption]) VALUES (N'ايستگاه پمپاژ آب', 1, 1, 0)
GO
INSERT [CalculationPool].[Offering] ([Title], [OfferingUnitId], [OfferingGroupId], [InstallmentOption]) VALUES (N'ثابت آماده سازي آب', 1, 1, 0)
GO
INSERT [CalculationPool].[Offering] ([Title], [OfferingUnitId], [OfferingGroupId], [InstallmentOption]) VALUES (N'ثابت آماده سازي فاضلاب', 1, 1, 0)
GO
INSERT [CalculationPool].[Offering] ([Title], [OfferingUnitId], [OfferingGroupId], [InstallmentOption]) VALUES (N'ارزش تجاري آّب   مشترکين قديم', 1, 1, 0)
GO
INSERT [CalculationPool].[Offering] ([Title], [OfferingUnitId], [OfferingGroupId], [InstallmentOption]) VALUES (N'ارزش تجاري فاضلاب   مشترکين قديم', 1, 1, 0)
GO
INSERT [CalculationPool].[Offering] ([Title], [OfferingUnitId], [OfferingGroupId], [InstallmentOption]) VALUES (N'علي الحساب', 1, 1, 0)
GO
INSERT [CalculationPool].[Offering] ([Title], [OfferingUnitId], [OfferingGroupId], [InstallmentOption]) VALUES (N'ماده 11 آب شرکت مهندسی', 1, 1, 0)
GO
INSERT [CalculationPool].[Offering] ([Title], [OfferingUnitId], [OfferingGroupId], [InstallmentOption]) VALUES (N'ماده 11 فاضلاب شرکت مهندسی', 1, 1, 0)
GO
INSERT [CalculationPool].[Offering] ([Title], [OfferingUnitId], [OfferingGroupId], [InstallmentOption]) VALUES (N'لوله گذاری آب تقویض اختیار', 1, 1, 0)
GO
INSERT [CalculationPool].[Offering] ([Title], [OfferingUnitId], [OfferingGroupId], [InstallmentOption]) VALUES (N'لوله گذاری فاضلاب تفویض اختیار', 1, 1, 0)
GO
INSERT [CalculationPool].[Offering] ([Title], [OfferingUnitId], [OfferingGroupId], [InstallmentOption]) VALUES (N'لوله گذاری آب قرارداد', 1, 1, 0)
GO
INSERT [CalculationPool].[Offering] ([Title], [OfferingUnitId], [OfferingGroupId], [InstallmentOption]) VALUES (N'لوله گذاری فاضلاب قرارداد', 1, 1, 0)
GO
INSERT [CalculationPool].[Offering] ([Title], [OfferingUnitId], [OfferingGroupId], [InstallmentOption]) VALUES (N'لوله گذاری آب عدم متولی', 1, 1, 0)
GO
INSERT [CalculationPool].[Offering] ([Title], [OfferingUnitId], [OfferingGroupId], [InstallmentOption]) VALUES (N'لوله گذاری فاضلاب عدم متولی', 1, 1, 0)
GO
INSERT [CalculationPool].[Offering] ([Title], [OfferingUnitId], [OfferingGroupId], [InstallmentOption]) VALUES (N'ماده 11 آب آماده سازی', 1, 1, 0)
GO
INSERT [CalculationPool].[Offering] ([Title], [OfferingUnitId], [OfferingGroupId], [InstallmentOption]) VALUES (N'ماده 11 فاضلاب آماده سازی', 1, 1, 0)
GO
INSERT [CalculationPool].[Offering] ([Title], [OfferingUnitId], [OfferingGroupId], [InstallmentOption]) VALUES (N'ماده 11 آب- عدم متولی', 1, 1, 0)
GO
INSERT [CalculationPool].[Offering] ([Title], [OfferingUnitId], [OfferingGroupId], [InstallmentOption]) VALUES (N'ماده 11 فاضلاب- عدم متولی', 1, 1, 0)
GO
INSERT [CalculationPool].[Offering] ([Title], [OfferingUnitId], [OfferingGroupId], [InstallmentOption]) VALUES (N'ماده 11 آب- اعمال تخفیف', 1, 1, 0)
GO
INSERT [CalculationPool].[Offering] ([Title], [OfferingUnitId], [OfferingGroupId], [InstallmentOption]) VALUES (N'ماده 11 فاضلاب- اعمال تخفیف', 1, 1, 0)
GO
INSERT [CalculationPool].[Offering] ([Title], [OfferingUnitId], [OfferingGroupId], [InstallmentOption]) VALUES (N'لوازم نصب آب', 1, 1, 0)
GO
INSERT [CalculationPool].[Offering] ([Title], [OfferingUnitId], [OfferingGroupId], [InstallmentOption]) VALUES (N'لوازم نصب فاضلاب', 1, 1, 0)
GO
INSERT [CalculationPool].[Offering] ([Title], [OfferingUnitId], [OfferingGroupId], [InstallmentOption]) VALUES (N'آب بها', 1, 1, 0)
GO
INSERT [CalculationPool].[Offering] ([Title], [OfferingUnitId], [OfferingGroupId], [InstallmentOption]) VALUES (N'کارمزد دفع فاضلاب', 1, 1, 0)
GO
INSERT [CalculationPool].[Offering] ([Title], [OfferingUnitId], [OfferingGroupId], [InstallmentOption]) VALUES (N'آبونمان آب', 1, 1, 0)
GO
INSERT [CalculationPool].[Offering] ([Title], [OfferingUnitId], [OfferingGroupId], [InstallmentOption]) VALUES (N'آبونمان فاضلاب', 1, 1, 0)
GO
INSERT [CalculationPool].[Offering] ([Title], [OfferingUnitId], [OfferingGroupId], [InstallmentOption]) VALUES (N'عوارض شهرداری', 1, 1, 0)
GO
INSERT [CalculationPool].[Offering] ([Title], [OfferingUnitId], [OfferingGroupId], [InstallmentOption]) VALUES (N'تبصره 2', 1, 1, 0)
GO
INSERT [CalculationPool].[Offering] ([Title], [OfferingUnitId], [OfferingGroupId], [InstallmentOption]) VALUES (N'تبصره 2 و 3 قدیم (قابل جمع با آب بها)', 1, 1, 0)
GO
INSERT [CalculationPool].[Offering] ([Title], [OfferingUnitId], [OfferingGroupId], [InstallmentOption]) VALUES (N'جریمه', 1, 1, 0)
GO
INSERT [CalculationPool].[Offering] ([Title], [OfferingUnitId], [OfferingGroupId], [InstallmentOption]) VALUES (N'آبرسانی', 1, 1, 0)
GO
INSERT [CalculationPool].[Offering] ([Title], [OfferingUnitId], [OfferingGroupId], [InstallmentOption]) VALUES (N'ضریب D/ جوانی جمعیت', 1, 1, 0)
GO
INSERT [CalculationPool].[Offering] ([Title], [OfferingUnitId], [OfferingGroupId], [InstallmentOption]) VALUES (N'فصل گرم سال', 1, 1, 0)
GO
INSERT [CalculationPool].[Offering] ([Title], [OfferingUnitId], [OfferingGroupId], [InstallmentOption]) VALUES (N'ضریب تعدیل', 1, 1, 0)
GO
INSERT [CalculationPool].[Offering] ([Title], [OfferingUnitId], [OfferingGroupId], [InstallmentOption]) VALUES (N'تبصره3  آب', 1, 1, 0)
GO
INSERT [CalculationPool].[Offering] ([Title], [OfferingUnitId], [OfferingGroupId], [InstallmentOption]) VALUES (N'تبصره3  فاضلاب', 1, 1, 0)
GO
INSERT [CalculationPool].[Offering] ([Title], [OfferingUnitId], [OfferingGroupId], [InstallmentOption]) VALUES (N'تبصره آبونمان فاضلاب', 1, 1, 0)
GO
INSERT [CalculationPool].[Offering] ([Title], [OfferingUnitId], [OfferingGroupId], [InstallmentOption]) VALUES (N'مبلغ قانون بودجه', 1, 1, 0)
GO
INSERT [CalculationPool].[Offering] ([Title], [OfferingUnitId], [OfferingGroupId], [InstallmentOption]) VALUES (N'قسط لوازم کاهنده مصرف', 1, 1, 0)
GO